SightingID,protected
E-2324,1
E-2325,1
E-2327,1
E-2328,1
E-2329,1
E-2330,1
E-2331,1
E-2332,1
E-2339,1
E-2340,1
E-2343,1
E-2344,1
E-2347,1
E-2349,1
E-2350,1
E-2352,1
E-2353,1
E-2355,1
E-2358,1
E-2360,1
E-2361,1
E-2363,1
E-2364,1
E-2368,1
E-2371,1
E-2372,1
E-2374,1
E-2375,1
E-2378,1
E-2379,1
E-2380,1
E-2385,1
E-2387,1
E-2388,1
E-2389,1
E-2390,1
E-2391,1
E-2392,1
E-2394,1
E-2396,1
E-2398,1
E-2399,1
E-2400,1
E-2407,1
E-2408,1
E-2409,0
E-2411,1
E-2412,1
E-2413,1
E-2414,1
E-2415,1
E-2416,0
E-2417,0
E-2418,0
E-2421,1
E-2422,1
E-2423,1
E-2424,1
E-1673,1
E-1674,1
E-1675,1
E-2428,1
E-2429,1
E-2430,1
E-2431,1
E-2432,1
E-2433,1
E-2434,1
E-2435,1
E-2437,1
E-2438,1
E-2441,1
E-2443,1
E-2444,1
E-2449,1
E-2453,1
E-2466,1
E-2467,1
E-2468,0
E-2469,1
E-2470,1
E-2472,1
E-2473,1
E-2477,0
E-2479,0
E-2499,0
E-2504,1
E-2506,0
E-2507,1
E-2508,1
E-2509,0
E-3016,1
E-2518,0
E-2520,1
E-2521,1
E-2524,1
E-2527,1
E-2528,1
E-2529,1
E-2530,1
E-2533,1
E-2535,1
E-2538,1
E-2539,1
E-2540,1
E-2541,1
E-2542,1
E-2545,1
E-2547,1
E-2548,1
E-2549,1
E-2558,1
E-2564,1
E-2571,1
E-2573,1
E-2574,1
E-2575,1
E-2576,1
E-2578,1
E-2579,1
E-2581,1
E-2585,1
E-2588,1
E-2589,1
E-2597,1
E-2600,1
E-2601,1
E-2602,1
E-2620,1
E-2630,1
E-2744,1
E-2745,1
E-2743,1
E-2976,1
E-2977,1
E-2978,0
E-2979,1
E-2981,1
E-2982,1
E-2983,1
E-2984,1
E-2985,1
E-2986,1
E-2987,1
E-2994,1
E-2988,1
E-2989,1
E-2990,1
E-2757,1
E-2992,1
E-2746,1
E-2762,0
E-2763,0
E-2764,0
E-2765,0
E-2766,1
E-2767,1
E-2768,1
E-2769,1
E-2770,1
E-2747,1
E-2748,1
E-2749,1
E-2750,1
E-2758,1
E-2759,1
E-2760,1
E-2761,1
E-2643,1
E-2653,1
E-2654,1
E-2665,1
E-2666,1
E-2678,1
E-2681,1
E-2682,1
E-2689,0
E-2691,1
E-2695,1
E-2698,1
E-2699,1
E-2635,1
E-2686,1
E-2701,1
E-2709,1
E-2708,1
E-2716,1
E-2717,1
E-2718,1
E-2719,1
E-2722,0
E-2724,1
E-2720,1
E-2721,1
E-2725,1
E-2726,1
E-2727,1
E-2728,1
E-2729,1
E-2730,1
E-2731,1
E-2732,1
E-2733,1
E-2734,1
E-2735,1
E-2736,1
E-2737,1
E-2738,1
E-2739,1
E-2740,1
E-2741,1
E-2742,1
E-2788,1
E-2789,1
E-2790,1
E-2791,1
E-2802,1
E-2803,1
E-2804,1
E-2801,1
E-2641,0
E-2796,0
E-2797,0
E-2879,1
E-2880,1
E-2800,1
E-2882,1
E-2883,1
E-3006,1
E-2808,0
E-2809,0
E-2810,0
E-2811,0
E-2812,1
E-2995,0
E-2806,1
E-2877,1
E-2805,0
E-2807,1
E-2815,1
E-2996,1
E-2997,1
E-2998,1
E-2999,1
E-3000,1
E-3001,1
E-3002,1
E-3004,1
E-3005,1
E-2771,1
E-3014,1
E-2813,1
E-2814,1
E-3035,0
E-2779,0
E-2780,0
E-2781,0
E-2782,0
E-2783,0
E-2784,0
E-2785,0
E-2786,0
E-2787,0
E-2875,0
E-2819,1
E-2820,1
E-3053,1
E-2816,1
E-2817,1
E-2818,1
E-2792,1
E-2794,0
E-2795,1
E-3051,0
E-2772,0
E-2773,0
E-2774,0
E-2821,1
E-2836,0
E-2824,0
E-2822,1
E-2823,1
E-2838,0
E-3017,1
E-3018,1
E-3020,1
E-2826,0
E-3039,1
E-3040,1
E-2825,1
E-2828,1
E-2829,1
E-2830,1
E-2831,1
E-2832,1
E-2833,1
E-2834,1
E-2835,1
E-2777,1
E-2778,1
E-2827,1
E-2642,1
E-3112,1
E-3280,1
E-3111,1
E-3109,1
E-3110,1
E-3210,0
E-3211,0
E-3212,0
E-3213,0
E-3214,0
E-3215,0
E-3216,0
E-3217,0
E-3164,1
E-3167,1
E-1686,0
E-3204,1
E-3205,1
E-3206,0
E-1698,1
E-1687,1
E-1688,1
E-1689,1
E-1690,1
E-1691,1
E-1692,1
E-1693,1
E-1694,1
E-1695,1
E-1696,1
E-1697,1
E-1699,1
E-1700,1
E-1701,1
E-1702,1
E-3055,1
E-3056,1
E-3057,1
E-3060,1
E-3061,1
E-3062,1
E-3063,1
E-3064,1
E-3065,1
E-3068,1
E-3069,1
E-3070,1
E-3071,1
E-3072,1
E-3073,1
E-3074,1
E-3075,1
E-3076,1
E-3077,1
E-3078,1
E-3079,1
E-3082,1
E-3083,1
E-3084,1
E-3085,1
E-3086,1
E-3087,1
E-3088,1
E-3089,1
E-3090,1
E-3091,1
E-3093,1
E-3094,1
E-3095,1
E-3096,1
E-3097,1
E-3098,1
E-1684,0
E-1677,1
E-1678,1
E-1679,1
E-1680,1
E-1681,1
E-1682,1
E-1683,1
E-3296,1
E-3297,1
E-3230,1
E-3231,1
E-3232,1
E-3233,1
E-3304,0
E-3305,0
E-3234,1
E-3235,1
E-3236,1
E-3237,1
E-3238,1
E-3218,1
E-3219,1
E-3220,1
E-3221,1
E-3222,1
E-3223,1
E-3224,1
E-3311,1
E-3312,0
E-3593,1
E-3197,0
E-3198,0
E-3199,0
E-3200,0
E-3201,0
E-3202,0
E-3314,1
E-3195,1
E-3196,1
E-3315,1
E-3316,1
E-3317,1
E-3318,1
E-3319,1
E-3320,1
E-3321,1
E-3322,1
E-3323,1
E-3324,1
E-3325,1
E-3549,1
E-3550,1
E-3553,1
E-3554,1
E-3555,1
E-3556,1
E-3557,1
E-3558,1
E-3559,1
E-3560,0
E-3712,1
E-3713,1
E-3714,1
E-3715,1
E-3716,1
E-3717,1
E-3718,1
E-3719,1
E-3720,1
E-3722,1
E-3723,1
E-3724,1
E-3561,1
E-3562,1
E-3563,1
E-3564,1
E-3565,1
E-3567,1
E-3568,1
E-3735,1
E-3254,1
E-3255,1
E-3256,1
E-3569,1
E-3570,1
E-3571,1
E-3610,1
E-3611,1
E-3612,1
E-3613,1
E-3614,1
E-3615,1
E-3616,1
E-3734,1
E-3591,1
E-3644,1
E-3645,1
E-3646,1
E-3647,1
E-3648,1
E-3649,1
E-3650,1
E-3595,0
E-3597,1
E-3617,1
E-3619,1
E-3620,1
E-3621,1
E-3622,1
E-3623,1
E-3598,1
E-3599,1
E-3600,1
E-3601,1
E-3602,1
E-3603,1
E-3604,1
E-3618,0
E-400,0
E-3628,1
E-3629,1
E-3630,1
E-3631,1
E-3632,1
E-3633,1
E-3634,1
E-3635,1
E-3636,1
E-3637,1
E-3326,1
E-3327,1
E-3575,1
E-3576,0
E-3577,0
E-3578,0
E-3579,0
E-3582,1
E-3756,1
E-3757,1
E-3333,1
E-3585,1
E-3586,1
E-3587,1
E-3588,1
E-3589,1
E-3590,1
E-3660,1
E-3661,1
E-3662,1
E-3663,1
E-3664,1
E-3643,1
E-3641,1
E-3640,1
E-3852,1
E-3667,1
E-3668,1
E-3669,1
E-3670,1
E-3671,1
E-3666,1
E-3851,1
E-3882,1
E-3656,1
E-3657,1
E-3658,1
E-3659,1
E-3886,1
E-3887,1
E-3888,1
E-3753,1
E-3758,1
E-3759,1
E-3760,1
E-3761,1
E-3889,0
E-3890,0
E-3891,0
E-3892,0
E-3893,0
E-3894,0
E-3895,0
E-3896,0
E-3897,0
E-3898,0
E-3899,0
E-3900,0
E-3905,0
E-3754,1
E-3755,1
E-3881,1
E-3741,1
E-3742,1
E-3743,1
E-3744,1
E-3745,1
E-3746,1
E-3747,1
E-3748,1
E-3749,1
E-3750,1
E-3751,1
E-3752,1
E-3762,1
E-3883,1
E-3765,1
E-3766,1
E-3767,1
E-3768,0
E-3850,1
E-3884,1
E-3769,1
E-3885,1
E-3853,1
E-3854,1
E-3856,1
E-3858,1
E-3859,1
E-3864,1
E-3862,1
E-3865,1
E-3861,1
E-3770,1
E-3771,1
E-3772,1
E-3874,1
E-3876,1
E-3877,1
E-3764,1
E-3763,1
E-3813,1
E-3878,1
E-3879,1
E-3773,1
E-3774,1
E-3775,1
E-3776,1
E-3880,1
E-3777,1
E-3778,1
E-3866,1
E-3779,1
E-3871,1
E-3872,1
E-3839,1
E-3840,1
E-3841,1
E-3842,1
E-119,1
E-188,1
E-142,1
E-145,1
E-143,0
E-144,0
E-172,1
E-173,1
E-153,1
E-155,1
E-271,1
E-181,1
E-162,1
E-163,1
E-160,1
E-96,0
E-176,1
E-169,0
E-64,1
E-109,1
E-270,1
E-92,1
E-104,0
E-118,1
E-121,0
E-125,0
E-191,0
E-126,0
E-149,1
E-150,1
E-100,0
E-120,0
E-102,1
E-124,1
E-178,1
E-412,0
E-413,0
E-268,0
E-218,0
E-198,0
E-266,0
E-267,0
E-401,0
E-402,0
E-403,0
E-404,0
E-405,0
E-406,0
E-407,0
E-419,1
E-110,1
E-111,1
E-112,1
E-113,1
E-114,1
E-115,1
E-116,1
E-117,1
E-179,1
E-180,1
E-222,0
E-231,1
E-215,0
E-217,0
E-216,0
E-258,0
E-307,0
E-221,1
E-256,0
E-287,0
E-246,0
E-286,0
E-244,1
E-247,1
E-236,1
E-240,1
E-242,1
E-243,1
E-241,1
E-248,1
E-308,0
E-310,1
E-311,1
E-382,1
E-193,0
E-249,0
E-251,0
E-277,1
E-292,1
E-381,1
E-325,1
E-387,1
E-337,0
E-339,0
E-417,1
E-324,1
E-282,0
E-284,0
E-281,1
E-317,1
E-318,1
E-312,1
E-338,1
E-319,0
E-245,1
E-340,1
E-351,1
E-386,0
E-380,0
E-392,0
E-360,0
E-358,0
E-359,0
E-433,0
E-367,0
E-434,0
E-426,1
E-427,1
E-353,0
E-357,0
E-354,0
E-423,1
E-14647,1
E-14648,1
E-416,1
E-418,1
E-376,1
E-373,1
E-375,1
E-377,1
E-378,0
E-374,1
E-14649,0
E-14650,0
E-15367,1
E-14652,0
E-14653,0
E-14671,0
E-14673,0
E-14674,0
E-14675,0
E-14676,0
E-14677,0
E-14678,0
E-14679,0
E-14680,0
E-14681,0
E-14682,0
E-14683,0
E-14684,0
E-14685,0
E-14686,0
E-14687,0
E-14688,0
E-14689,0
E-14690,0
E-14692,0
E-14694,0
E-14695,0
E-14696,0
E-14697,0
E-14699,0
E-14700,0
E-14701,0
E-14702,0
E-14703,0
E-14705,0
E-14706,0
E-14707,0
E-14708,0
E-14709,0
E-14710,0
E-14711,0
E-14712,0
E-14713,0
E-14714,0
E-14715,0
E-14716,0
E-14717,0
E-14718,0
E-14719,1
E-14720,1
E-14855,1
E-14856,1
E-14888,0
E-14927,1
E-14892,0
E-14887,0
E-14890,1
E-14893,0
E-14860,1
E-14864,1
E-14894,1
E-14924,1
E-14865,1
E-14866,1
E-14925,0
E-14960,0
E-14640,1
E-14926,1
E-14930,0
E-14910,1
E-14621,1
E-14641,1
E-14839,1
E-14617,1
E-14618,1
E-14644,1
E-14840,0
E-14841,0
E-14978,0
E-14659,1
E-14660,1
E-14842,1
E-14957,1
E-15035,1
E-14845,0
E-14937,1
E-16871,0
E-16872,0
E-14990,0
E-15016,0
E-15043,0
E-15095,0
E-15018,0
E-14732,1
E-14723,0
E-14872,0
E-14972,1
E-14848,1
E-14744,0
E-14961,1
E-14733,1
E-14724,1
E-14729,1
E-14745,1
E-14747,1
E-14748,1
E-14749,1
E-14941,0
E-14942,1
E-14742,1
E-14835,0
E-14946,0
E-14772,1
E-14773,1
E-14737,1
E-14774,1
E-14836,0
E-14722,1
E-14728,1
E-14751,1
E-14869,0
E-14777,1
E-14778,1
E-14756,1
E-14945,1
E-14741,0
E-15020,1
E-14757,1
E-14759,1
E-14760,1
E-14761,1
E-14762,1
E-14938,0
E-15019,0
E-14767,1
E-14913,1
E-14932,1
E-14768,1
E-14769,1
E-14939,0
E-14940,0
E-14873,1
E-14947,1
E-14959,1
E-14912,1
E-14928,1
E-14831,1
E-14870,0
E-14805,1
E-14929,1
E-14931,1
E-14936,0
E-14784,1
E-14934,0
E-14935,0
E-14956,1
E-14786,1
E-14787,1
E-14812,1
E-14788,1
E-14789,1
E-14811,0
E-16870,1
E-14799,1
E-14800,1
E-14801,1
E-14816,1
E-14871,1
E-14943,1
E-14817,1
E-19188,1
E-18411,1
E-18412,1
E-15343,0
E-15344,1
E-15345,1
E-15347,1
E-15348,1
E-15349,1
E-15350,1
E-15411,1
E-15639,0
E-15966,0
E-15040,0
E-16040,1
E-15984,0
E-14903,0
E-15985,0
E-15621,0
E-15622,0
E-15623,0
E-16180,1
E-14963,1
E-15376,1
E-15377,1
E-15381,1
E-15382,1
E-15624,1
E-15052,1
E-16045,1
E-15050,1
E-16182,1
E-14967,1
E-14976,0
E-14979,0
E-14970,0
E-14971,1
E-15629,0
E-14965,1
E-15049,1
E-15038,0
E-15037,1
E-14889,0
E-15413,1
E-15415,0
E-14988,0
E-15634,1
E-15635,0
E-16225,1
E-15636,0
E-15011,1
E-15700,1
E-15067,1
E-16224,1
E-15004,0
E-16042,1
E-15048,1
E-16018,0
E-16325,1
E-15653,0
E-15107,1
E-15053,1
E-15054,1
E-15654,0
E-16016,0
E-14999,0
E-15655,0
E-15064,0
E-15066,0
E-15104,1
E-14998,1
E-16286,1
E-15102,1
E-15047,1
E-16044,1
E-15650,0
E-16015,0
E-16020,1
E-16060,1
E-16122,1
E-15178,1
E-15179,1
E-15231,1
E-16144,1
E-16287,0
E-15074,1
E-16111,1
E-14949,0
E-15997,1
E-16112,1
E-15071,0
E-15352,0
E-15353,1
E-15105,1
E-16003,1
E-15087,1
E-15248,1
E-15253,1
E-15254,1
E-16124,0
E-16139,1
E-16140,1
E-16313,1
E-16153,1
E-15077,1
E-15358,1
E-15359,1
E-15360,1
E-15361,1
E-15364,0
E-15365,0
E-16143,1
E-16120,0
E-15072,1
E-15073,1
E-15200,0
E-15245,1
E-16166,1
E-16167,1
E-15609,0
E-15088,1
E-15081,1
E-15261,1
E-15615,1
E-15616,1
E-15082,1
E-15964,1
E-15236,1
E-15239,1
E-15327,1
E-15085,1
E-15617,1
E-15086,1
E-15083,1
E-15705,1
E-15234,1
E-15246,0
E-16047,1
E-15180,1
E-15229,1
E-15637,1
E-15306,0
E-15646,0
E-15963,0
E-16048,1
E-16406,1
E-16046,1
E-15983,1
E-16226,1
E-15084,1
E-15096,0
E-15335,1
E-15336,1
E-15340,1
E-15341,0
E-15950,0
E-15250,1
E-15647,1
E-15648,1
E-15649,1
E-15078,0
E-16324,0
E-16051,1
E-16055,1
E-16050,1
E-16433,1
E-15134,0
E-15152,1
E-16116,1
E-15128,1
E-15141,1
E-15385,1
E-15388,1
E-15389,0
E-15129,1
E-15132,1
E-16424,1
E-15125,1
E-15136,1
E-16052,0
E-16125,1
E-15139,0
E-15130,0
E-15165,1
E-15600,0
E-15137,0
E-15224,1
E-15604,1
E-15147,1
E-15162,1
E-15166,0
E-15169,1
E-15392,1
E-15395,1
E-15396,0
E-15397,0
E-15398,1
E-15089,1
E-15401,1
E-15402,0
E-15605,1
E-15977,1
E-15158,1
E-15606,1
E-15133,1
E-15135,1
E-15164,1
E-16000,1
E-15127,1
E-15124,1
E-15131,0
E-15153,0
E-15243,0
E-15643,0
E-16054,0
E-16227,0
E-16049,0
E-15612,0
E-15614,0
E-15288,0
E-16109,1
E-16107,0
E-16106,0
E-16105,1
E-16117,0
E-16148,0
E-16102,1
E-16103,0
E-16108,1
E-16131,1
E-15268,0
E-16101,0
E-16099,1
E-15297,1
E-16096,0
E-15275,1
E-16057,1
E-15273,1
E-15274,1
E-15951,0
E-15276,1
E-15290,0
E-15291,0
E-15998,0
E-15292,1
E-15298,1
E-15299,1
E-15300,1
E-15094,0
E-16092,1
E-16147,1
E-16089,1
E-16090,1
E-15287,0
E-15305,0
E-15269,1
E-16012,1
E-16126,1
E-15322,1
E-15323,1
E-16161,1
E-16162,1
E-16194,1
E-16195,1
E-16196,1
E-16198,1
E-16199,1
E-15285,1
E-15295,1
E-15317,0
E-16437,1
E-15315,0
E-15289,1
E-15316,1
E-16201,1
E-16202,1
E-16322,1
E-15279,0
E-15314,1
E-15321,1
E-15278,1
E-15284,1
E-16204,1
E-16432,0
E-15313,1
E-15319,1
E-15312,1
E-16203,1
E-16207,1
E-16417,0
E-15318,1
E-16209,1
E-16210,1
E-16212,1
E-16191,1
E-15282,1
E-15283,1
E-16215,1
E-16217,1
E-16219,1
E-16218,1
E-16243,0
E-15406,1
E-15409,1
E-15403,1
E-15405,1
E-16246,1
E-16247,1
E-15944,1
E-16257,0
E-15942,1
E-15941,0
E-16248,1
E-16250,1
E-16276,1
E-16264,0
E-16272,1
E-15940,0
E-16274,1
E-16275,1
E-15939,1
E-15937,1
E-15938,1
E-16273,1
E-16428,0
E-16260,0
E-16429,1
E-16266,0
E-15404,1
E-15936,1
E-16002,1
E-15943,1
E-16270,1
E-16277,0
E-16271,0
E-15935,1
E-15948,1
E-15934,1
E-15933,1
E-16434,1
E-15598,1
E-15955,0
E-16489,1
E-15980,1
E-16431,1
E-16430,1
E-16436,0
E-16435,0
E-15763,1
E-16038,0
E-15764,1
E-15765,0
E-15771,1
E-19192,0
E-19193,1
E-16141,1
E-15772,1
E-16021,1
E-15773,1
E-16312,0
E-15760,0
E-16308,0
E-15761,1
E-15762,1
E-15759,1
E-16475,0
E-15758,1
E-15757,1
E-16478,1
E-16480,1
E-15778,1
E-15774,1
E-15775,0
E-15779,0
E-15780,1
E-15776,1
E-15369,1
E-15370,1
E-15371,1
E-15777,1
E-16419,1
E-15782,1
E-16421,0
E-15781,1
E-15783,1
E-15784,1
E-16482,0
E-15931,1
E-16486,0
E-16483,1
E-16484,1
E-16420,1
E-15727,0
E-16423,1
E-16453,1
E-15599,1
E-15929,1
E-15733,1
E-15919,1
E-15921,1
E-15730,1
E-15732,1
E-15734,1
E-15926,1
E-15735,1
E-15330,0
E-15915,0
E-15917,1
E-15753,1
E-15923,0
E-15925,1
E-15729,1
E-15994,1
E-16222,1
E-15752,1
E-15755,0
E-15726,0
E-15725,0
E-15895,1
E-16022,1
E-16232,1
E-15722,1
E-15812,1
E-16024,0
E-16025,1
E-16026,1
E-15721,0
E-15785,1
E-15815,1
E-16001,1
E-15786,0
E-15719,1
E-15720,1
E-15709,1
E-15894,1
E-15810,1
E-15991,1
E-19200,1
E-15717,1
E-15978,1
E-15792,1
E-15715,1
E-16032,1
E-15814,1
E-15710,1
E-15713,1
E-15788,1
E-15789,1
E-15790,0
E-16013,1
E-15708,1
E-15714,1
E-15740,1
E-15799,0
E-15801,1
E-18409,1
E-15437,1
E-15741,1
E-15742,1
E-16036,1
E-15796,1
E-15798,1
E-15454,1
E-15448,1
E-15743,0
E-15450,1
E-18464,1
E-15794,1
E-15793,1
E-15736,1
E-15800,1
E-15739,1
E-15795,1
E-15916,1
E-15744,1
E-15797,1
E-15993,1
E-15896,0
E-16318,0
E-15808,1
E-15438,0
E-15749,1
E-15746,1
E-15750,1
E-15807,1
E-15751,0
E-15806,1
E-15809,1
E-15707,0
E-15804,1
E-15805,1
E-16014,0
E-15748,1
E-16176,1
E-15802,0
E-15803,0
E-16280,1
E-15422,0
E-15426,0
E-15430,0
E-18462,0
E-16426,0
E-18427,0
E-16427,0
E-16452,1
E-16425,1
E-15419,0
E-16157,1
E-15465,0
E-16078,0
E-15466,0
E-16664,0
E-15446,0
E-15440,1
E-15441,0
E-15443,0
E-18415,1
E-15459,0
E-15460,0
E-15461,0
E-15458,1
E-16236,1
E-15456,0
E-15596,1
E-15475,1
E-15594,0
E-15483,1
E-15498,1
E-15470,1
E-15593,1
E-15474,1
E-16409,1
E-15472,1
E-16184,0
E-16650,1
E-15473,0
E-15587,0
E-16074,0
E-16174,1
E-16640,1
E-15569,1
E-16331,1
E-15547,1
E-16237,1
E-15566,1
E-16068,1
E-16238,1
E-15534,1
E-15590,1
E-15591,1
E-15728,1
E-15589,1
E-15588,0
E-16466,0
E-16467,0
E-15481,0
E-15532,0
E-15480,0
E-15489,0
E-15490,0
E-15477,1
E-15551,1
E-15561,1
E-15567,1
E-16076,1
E-15578,0
E-16158,1
E-16239,1
E-15482,0
E-15577,1
E-15488,0
E-15487,1
E-15492,1
E-16185,1
E-15531,0
E-16069,1
E-16070,1
E-16186,1
E-15485,0
E-15967,1
E-15968,1
E-15987,1
E-15484,0
E-15486,0
E-15529,0
E-15555,0
E-15496,1
E-15528,0
E-16960,0
E-16961,0
E-15560,1
E-15495,1
E-15559,1
E-15500,0
E-16072,1
E-15501,0
E-16975,0
E-16976,0
E-16980,0
E-16981,1
E-16983,0
E-16979,0
E-16066,1
E-16073,1
E-15969,1
E-16689,1
E-16067,1
E-15970,1
E-16690,1
E-15972,0
E-15988,0
E-16966,1
E-16967,0
E-16968,0
E-16971,1
E-15549,1
E-15513,1
E-16405,1
E-15522,1
E-16691,1
E-15511,1
E-15515,0
E-15518,0
E-15526,1
E-15558,1
E-15568,1
E-15512,1
E-15514,1
E-15520,0
E-15508,1
E-15523,1
E-15504,1
E-15505,1
E-15516,0
E-15517,0
E-15519,0
E-16061,1
E-15973,0
E-16692,1
E-16062,1
E-16063,1
E-16064,1
E-15975,1
E-15976,1
E-15562,1
E-15597,1
E-16330,0
E-16349,1
E-16347,1
E-16340,1
E-16412,1
E-16413,1
E-16336,1
E-16337,1
E-18481,1
E-18480,0
E-16582,1
E-17261,1
E-16596,0
E-16496,0
E-16733,0
E-16497,0
E-16550,0
E-16537,0
E-16597,0
E-17009,1
E-16553,1
E-16555,1
E-16566,1
E-17010,1
E-16561,1
E-16704,1
E-16557,0
E-17350,1
E-16580,1
E-17252,1
E-16521,1
E-16527,1
E-16578,1
E-16579,0
E-16575,0
E-16516,0
E-16518,0
E-17270,1
E-17309,1
E-16515,1
E-16568,1
E-16705,1
E-17220,1
E-17221,1
E-17222,1
E-17223,1
E-17225,0
E-17227,0
E-17228,0
E-17229,1
E-17231,1
E-17272,1
E-16504,0
E-16508,0
E-17269,1
E-17271,1
E-18001,1
E-16503,0
E-16506,0
E-16577,1
E-16632,1
E-16510,1
E-16620,1
E-16631,0
E-16502,0
E-16499,0
E-16570,0
E-16595,0
E-17210,1
E-17212,1
E-17213,1
E-17214,0
E-17219,0
E-17268,0
E-16565,1
E-16583,1
E-16710,1
E-16532,0
E-17276,1
E-16564,1
E-16633,1
E-16714,1
E-17267,1
E-16959,1
E-16619,1
E-16792,1
E-16740,0
E-17124,1
E-17125,1
E-17278,1
E-16587,0
E-16731,1
E-17008,1
E-17114,1
E-17115,1
E-17116,1
E-17117,0
E-17119,0
E-17120,1
E-17121,0
E-17279,1
E-16586,0
E-16630,1
E-17111,1
E-17112,1
E-16679,1
E-17107,1
E-16621,1
E-16622,1
E-16715,1
E-16716,1
E-17003,1
E-17101,1
E-17103,1
E-17104,1
E-17105,1
E-17106,0
E-17280,1
E-16717,1
E-16719,1
E-17281,1
E-16661,0
E-16637,1
E-16651,0
E-17314,1
E-16683,1
E-17353,1
E-17354,1
E-17355,0
E-17359,0
E-17361,0
E-17364,0
E-16672,1
E-16793,0
E-17368,1
E-17373,1
E-17374,1
E-17375,1
E-17377,1
E-17379,1
E-16684,1
E-16685,1
E-16688,1
E-16743,1
E-17382,1
E-17383,1
E-17385,1
E-17318,1
E-17320,1
E-17321,1
E-17324,1
E-17047,1
E-17254,1
E-16701,1
E-17325,1
E-17326,1
E-17327,1
E-17283,0
E-17393,1
E-17394,0
E-17397,1
E-17398,0
E-17401,1
E-17402,0
E-16720,1
E-16721,1
E-16722,1
E-16946,1
E-17407,1
E-17408,1
E-17410,1
E-17411,1
E-17412,1
E-17336,1
E-16699,1
E-16723,0
E-16795,1
E-16945,0
E-17414,0
E-17415,0
E-17416,0
E-17417,0
E-17419,1
E-17421,0
E-16698,1
E-16724,1
E-16725,1
E-17286,1
E-16697,1
E-16796,1
E-17056,1
E-16856,1
E-17339,1
E-17341,1
E-16748,0
E-16695,1
E-16696,1
E-16877,1
E-16727,0
E-16728,0
E-16751,0
E-16764,1
E-16752,1
E-16753,1
E-16754,1
E-16947,0
E-16755,1
E-16756,1
E-16757,1
E-16798,1
E-16759,1
E-16761,0
E-16762,0
E-16799,1
E-17057,1
E-17287,0
E-16763,1
E-16948,1
E-16949,0
E-16950,1
E-17292,0
E-16951,1
E-16952,1
E-16953,1
E-16954,1
E-16768,0
E-16955,1
E-16956,1
E-17005,1
E-17006,1
E-16801,1
E-16957,1
E-17004,1
E-16771,1
E-17002,1
E-16773,1
E-16778,1
E-16779,1
E-16781,1
E-16693,1
E-16707,1
E-16783,1
E-16784,1
E-17422,1
E-17424,1
E-17425,1
E-17428,1
E-17431,1
E-17432,0
E-16786,0
E-16787,0
E-16813,1
E-16894,1
E-16896,1
E-17344,1
E-17345,1
E-17346,1
E-16789,1
E-16816,1
E-16898,1
E-16899,1
E-16900,1
E-16817,1
E-16818,0
E-16821,1
E-16823,0
E-16910,1
E-16912,1
E-16824,0
E-16861,1
E-17255,1
E-16862,1
E-17167,1
E-17173,1
E-17174,1
E-17310,1
E-17348,1
E-16840,1
E-16841,1
E-17149,1
E-17154,1
E-17349,1
E-17170,1
E-17172,1
E-16851,1
E-17147,1
E-17140,1
E-17141,1
E-17142,1
E-17177,0
E-17137,1
E-17138,0
E-17175,0
E-16849,0
E-16850,0
E-17059,0
E-17060,0
E-17061,0
E-17062,1
E-17064,1
E-17135,0
E-17176,1
E-18478,1
E-18479,1
E-16874,1
E-16882,1
E-16883,1
E-16885,1
E-17158,1
E-16858,1
E-16887,1
E-16888,1
E-16892,1
E-17159,1
E-17163,1
E-16846,0
E-16986,1
E-16876,1
E-16863,0
E-17027,1
E-17162,0
E-16860,1
E-17007,0
E-16994,1
E-16995,1
E-16997,1
E-16998,1
E-16999,1
E-17000,1
E-17169,1
E-16864,0
E-16958,0
E-17011,0
E-17012,0
E-17013,0
E-17014,1
E-17168,0
E-17178,0
E-16847,0
E-17304,0
E-17018,1
E-17019,0
E-17020,1
E-17022,1
E-17024,1
E-17025,0
E-17329,1
E-16852,1
E-17039,1
E-17040,0
E-17041,1
E-17042,1
E-17043,0
E-17044,0
E-17045,1
E-16853,0
E-16854,0
E-17166,1
E-17132,1
E-17164,0
E-18358,1
E-18360,1
E-18361,1
E-18365,1
E-18368,1
E-18369,1
E-18370,0
E-18372,0
E-18373,0
E-17097,1
E-17098,1
E-17161,0
E-17165,1
E-18465,1
E-16914,1
E-16915,1
E-16916,1
E-16917,1
E-16919,1
E-16920,1
E-16924,1
E-16929,0
E-16930,1
E-16931,0
E-16932,1
E-16933,1
E-16934,0
E-18437,0
E-18438,1
E-18439,0
E-18440,1
E-18441,0
E-18442,1
E-17091,1
E-17668,0
E-17465,0
E-17077,0
E-17078,0
E-17079,0
E-17080,0
E-17082,1
E-17085,1
E-17088,1
E-17069,1
E-17071,1
E-17048,0
E-17051,1
E-17053,1
E-17208,1
E-17194,1
E-17196,1
E-17160,1
E-17186,1
E-17188,0
E-18564,1
E-17202,1
E-17190,1
E-17191,0
E-17192,0
E-17469,1
E-17470,0
E-18444,1
E-18445,1
E-18446,1
E-18448,1
E-18450,1
E-18451,1
E-18454,1
E-17471,0
E-18457,1
E-18458,0
E-18459,1
E-18460,0
E-18461,0
E-17472,1
E-17475,1
E-17476,1
E-17477,1
E-17479,1
E-17481,1
E-17483,0
E-17485,0
E-17486,0
E-18271,0
E-18272,1
E-18273,1
E-17489,1
E-17491,1
E-17493,1
E-17494,1
E-17499,1
E-17500,1
E-17501,0
E-17502,0
E-17503,0
E-17506,1
E-17510,0
E-17511,1
E-17508,0
E-17509,1
E-17512,1
E-17516,0
E-17518,0
E-17522,1
E-17523,1
E-17524,1
E-17526,1
E-17733,0
E-17527,0
E-17528,1
E-17531,1
E-17535,1
E-17536,1
E-17537,1
E-17538,1
E-17540,1
E-17541,1
E-17542,1
E-17543,1
E-17545,1
E-17560,1
E-17551,1
E-17555,1
E-17556,1
E-17557,1
E-18223,1
E-18227,1
E-18228,1
E-18229,1
E-17559,1
E-17564,1
E-17566,1
E-17567,1
E-17569,1
E-17572,0
E-17573,0
E-17575,1
E-17576,1
E-17577,0
E-17578,0
E-17676,1
E-17731,0
E-17579,1
E-17580,1
E-18304,0
E-17665,1
E-17581,1
E-18310,1
E-18313,1
E-18314,1
E-18316,1
E-18317,1
E-18318,1
E-18322,0
E-17583,0
E-17584,1
E-17585,1
E-18337,1
E-18352,1
E-17667,1
E-18323,1
E-18325,1
E-18326,1
E-17669,1
E-17594,1
E-17596,1
E-17597,0
E-17600,1
E-17601,1
E-17748,1
E-18127,1
E-17720,1
E-18541,0
E-17735,1
E-17674,1
E-17677,1
E-17604,1
E-17605,1
E-17606,1
E-17607,0
E-17610,0
E-17611,1
E-17672,1
E-17673,1
E-17615,1
E-17618,0
E-17619,1
E-17621,1
E-17623,1
E-17626,1
E-17627,0
E-17628,1
E-17666,1
E-17688,1
E-17775,0
E-17614,0
E-17692,1
E-17747,1
E-17633,1
E-17636,1
E-17638,1
E-17690,1
E-17691,1
E-17715,1
E-17746,1
E-17758,1
E-18340,1
E-17616,1
E-17617,1
E-17651,1
E-17652,1
E-17640,1
E-17641,1
E-17642,1
E-17644,1
E-17645,0
E-17648,1
E-17757,1
E-17656,0
E-21081,1
E-17678,1
E-17689,1
E-17734,1
E-18230,1
E-18231,0
E-18232,1
E-18233,0
E-17694,0
E-17697,1
E-17695,1
E-17719,1
E-17759,1
E-17700,1
E-18342,1
E-18343,1
E-17777,0
E-17716,1
E-17801,1
E-17857,1
E-17858,1
E-17859,1
E-17862,1
E-17765,0
E-17866,1
E-17867,1
E-17869,1
E-17870,0
E-17871,1
E-17872,1
E-18156,1
E-18234,0
E-17967,1
E-17732,1
E-17764,1
E-17768,1
E-17875,1
E-17876,1
E-17727,0
E-17737,1
E-17738,1
E-17769,0
E-17770,1
E-17782,0
E-17783,0
E-17784,0
E-17785,1
E-17786,1
E-17787,1
E-17822,0
E-17756,0
E-17790,1
E-21084,1
E-17753,0
E-17754,0
E-17755,1
E-17760,1
E-17761,1
E-17789,1
E-17946,1
E-17947,1
E-17948,1
E-17949,1
E-17950,1
E-17952,1
E-17953,1
E-17954,1
E-17794,0
E-17799,1
E-18130,1
E-17795,0
E-17796,0
E-17818,1
E-18235,1
E-18236,0
E-18237,1
E-18238,1
E-18239,0
E-18240,1
E-18123,1
E-18556,1
E-18128,1
E-17812,1
E-17814,0
E-17997,1
E-17810,1
E-17823,1
E-17914,1
E-17879,1
E-17883,1
E-17884,0
E-17917,1
E-17919,1
E-18129,0
E-17803,1
E-17890,1
E-17804,0
E-17819,0
E-17807,0
E-17842,1
E-17995,1
E-18521,1
E-17813,1
E-18520,0
E-17820,1
E-17829,1
E-17896,1
E-21079,1
E-17826,1
E-17831,1
E-17832,1
E-21080,1
E-17898,1
E-17901,0
E-17902,1
E-17903,0
E-17979,0
E-17816,0
E-17824,0
E-17905,0
E-17906,1
E-17840,0
E-17855,0
E-17971,1
E-17837,1
E-17838,0
E-17996,1
E-18194,1
E-17991,1
E-21076,1
E-21077,0
E-17973,1
E-17974,1
E-17918,1
E-17972,1
E-17975,1
E-18199,1
E-17976,1
E-18192,1
E-18200,1
E-18164,1
E-17924,1
E-17926,1
E-17927,1
E-18088,1
E-17937,1
E-17938,0
E-17939,1
E-17940,1
E-17942,1
E-17943,0
E-17963,0
E-17982,1
E-18159,1
E-18160,1
E-17964,0
E-17978,0
E-17986,1
E-17988,1
E-18243,1
E-18244,1
E-18245,1
E-18005,1
E-18006,1
E-18022,1
E-18094,1
E-18007,1
E-18009,0
E-18013,1
E-18014,1
E-18015,1
E-18076,1
E-18195,0
E-17981,1
E-17985,0
E-17987,1
E-18016,1
E-18018,1
E-18021,0
E-18079,0
E-18092,0
E-21082,1
E-17977,1
E-18125,1
E-18167,1
E-18093,1
E-17989,1
E-18090,1
E-18097,0
E-18197,1
E-18053,0
E-18078,1
E-17994,0
E-18196,1
E-18126,0
E-17992,0
E-17993,0
E-21075,1
E-18077,1
E-18004,0
E-18028,0
E-18593,1
E-18067,1
E-18031,0
E-18033,0
E-18034,0
E-18046,1
E-18166,1
E-18168,1
E-18256,0
E-18257,0
E-18258,1
E-18259,1
E-18260,0
E-18262,1
E-18045,1
E-18036,0
E-18037,0
E-18038,0
E-18039,1
E-18040,1
E-18042,1
E-18043,0
E-18069,1
E-18098,1
E-18073,1
E-18084,0
E-18265,1
E-18266,1
E-18268,1
E-18269,1
E-18270,0
E-18066,1
E-18085,0
E-18054,0
E-18056,0
E-18063,1
E-18065,1
E-18071,0
E-18072,0
E-18100,1
E-18080,0
E-18081,0
E-18082,0
E-18103,0
E-18095,0
E-18096,0
E-18110,0
E-18086,0
E-18087,0
E-18274,1
E-18275,1
E-18276,1
E-18204,0
E-18058,0
E-18059,1
E-18060,1
E-18203,0
E-18057,0
E-18107,0
E-18161,1
E-18105,0
E-18108,0
E-18117,1
E-18118,1
E-18193,1
E-18116,1
E-18280,0
E-21069,1
E-18106,0
E-18113,1
E-18111,0
E-19015,0
E-19016,1
E-19017,0
E-19019,1
E-18189,1
E-18201,0
E-18165,1
E-18308,0
E-18147,1
E-18148,1
E-18172,1
E-18282,1
E-18151,1
E-18158,0
E-18205,1
E-18208,1
E-18209,1
E-18211,1
E-18213,1
E-18218,1
E-18145,0
E-18152,1
E-18163,1
E-18169,1
E-18143,0
E-18157,0
E-19020,0
E-19021,0
E-19022,1
E-19023,0
E-19024,0
E-19026,1
E-18153,0
E-18132,1
E-18133,1
E-18135,1
E-18136,1
E-18142,1
E-18121,0
E-18187,1
E-18207,0
E-18526,1
E-18306,0
E-18307,1
E-18330,1
E-18943,0
E-18944,0
E-18945,0
E-18946,1
E-18947,1
E-18948,1
E-18949,1
E-18952,1
E-18953,1
E-18954,1
E-18283,1
E-18284,1
E-18285,1
E-18957,1
E-18958,1
E-18959,1
E-18961,0
E-18962,1
E-18964,1
E-18966,0
E-21070,0
E-18174,1
E-18175,1
E-18177,1
E-18179,0
E-18181,0
E-18519,1
E-18289,1
E-18902,1
E-18293,0
E-18295,0
E-18296,1
E-18297,1
E-18894,0
E-18896,0
E-18897,1
E-18898,1
E-18466,0
E-18472,0
E-18416,1
E-18417,1
E-18419,0
E-18421,1
E-18423,1
E-18539,1
E-18540,0
E-18549,1
E-18468,0
E-18512,1
E-18535,0
E-18476,1
E-18300,0
E-18580,1
E-18475,0
E-18474,0
E-18473,0
E-18482,0
E-18484,1
E-18513,1
E-18516,0
E-18611,0
E-18515,0
E-21135,0
E-18581,1
E-18577,0
E-18550,0
E-18575,1
E-18579,1
E-18639,1
E-18640,1
E-18642,1
E-18638,0
E-18635,1
E-18636,1
E-18637,1
E-18627,1
E-18600,1
E-18587,1
E-18617,0
E-18558,1
E-18572,1
E-18616,0
E-18578,1
E-18673,1
E-18570,1
E-18602,0
E-18571,1
E-18613,0
E-21136,1
E-18530,1
E-18531,1
E-18601,1
E-18608,0
E-18612,1
E-18614,1
E-21088,1
E-18534,1
E-18663,1
E-18666,1
E-21137,1
E-18660,0
E-21138,0
E-18619,0
E-18620,0
E-18703,0
E-21139,0
E-18607,1
E-18606,1
E-18609,1
E-18656,1
E-18657,1
E-18659,1
E-18599,1
E-18605,1
E-18704,1
E-21140,1
E-18981,1
E-21141,1
E-18644,1
E-18645,1
E-18604,1
E-18615,1
E-18655,1
E-21142,1
E-18603,1
E-18610,1
E-18701,1
E-18709,1
E-21143,0
E-18699,0
E-21144,1
E-18700,1
E-18702,1
E-21130,1
E-18711,1
E-21103,1
E-21145,1
E-21106,1
E-21146,0
E-21147,1
E-21148,1
E-21109,1
E-21149,1
E-21150,1
E-21151,1
E-18729,1
E-21098,1
E-18696,1
E-18989,0
E-21086,0
E-18688,0
E-21152,1
E-18697,0
E-21108,1
E-21124,1
E-21125,1
E-18830,0
E-18831,1
E-18698,1
E-21157,1
E-18671,1
E-18675,0
E-18890,1
E-18891,1
E-18892,1
E-18995,1
E-18670,0
E-21102,1
E-18669,1
E-18828,1
E-18888,1
E-18889,1
E-18710,1
E-18680,1
E-21160,0
E-18682,1
E-21161,0
E-18683,0
E-18826,1
E-18827,1
E-18708,0
E-21163,1
E-18816,0
E-18817,1
E-18818,1
E-18820,1
E-18822,1
E-21096,1
E-21164,0
E-21166,0
E-21118,1
E-21132,1
E-21165,1
E-18706,1
E-18707,1
E-21168,1
E-18684,1
E-18705,1
E-18990,1
E-21104,1
E-18728,1
E-18774,1
E-18775,0
E-18998,0
E-18999,1
E-21208,1
E-18686,1
E-18690,0
E-21092,1
E-21209,1
E-18695,1
-18770,1
E-18691,1
E-18692,1
E-21212,1
E-21213,1
E-21214,1
E-21215,1
E-18689,1
E-18993,1
E-18994,1
E-21216,1
E-21217,1
E-21219,1
E-21093,1
E-21220,1
E-21222,1
E-18789,1
E-18793,1
E-18776,0
E-18777,0
E-18778,1
E-18779,0
E-18781,1
E-18783,1
E-18788,1
E-21107,1
E-18810,1
E-18811,0
E-18815,1
E-21131,1
E-21221,0
E-21089,1
E-21099,1
E-21224,1
E-21225,1
E-21226,1
E-21114,1
E-18991,1
E-21227,1
E-21228,0
E-21229,1
E-18912,1
E-18915,1
E-18917,1
E-18919,1
E-18920,0
E-21115,1
E-21133,1
E-21230,1
E-18997,0
E-21116,1
E-21117,1
E-21232,1
E-18988,1
E-18982,1
E-21233,1
E-21234,1
E-18986,1
E-18800,0
E-18805,1
E-18806,1
E-18983,1
E-21173,1
E-21111,1
E-21174,0
E-18712,1
E-18693,1
E-18984,1
E-18985,1
E-18694,1
E-21180,1
E-18979,1
E-18906,1
E-21120,0
E-21128,1
E-21177,0
E-21178,0
E-18987,1
E-21129,1
E-21179,1
E-18978,1
E-18908,1
E-18910,1
E-18911,1
E-21126,1
E-21181,1
E-21183,1
E-18976,1
E-21182,0
E-21184,1
E-18968,0
E-18969,1
E-18967,1
E-18970,0
E-21189,1
E-18972,0
E-21195,1
E-18977,0
E-21198,0
E-18973,1
E-21090,1
E-21201,0
E-21119,0
E-21087,1
E-21202,1
E-21204,1
E-21095,1
E-21097,1
E-21240,0
E-21242,1
E-21243,1
E-21245,0
E-21091,1
E-21094,1
E-18975,0
E-21246,1
E-21248,1
E-21100,0
E-21252,1
E-21254,1
E-18923,1
E-18924,0
E-18925,1
E-18927,1
E-18971,1
E-18974,0
E-18992,0
E-21101,0
E-21255,1
E-21257,1
E-21259,0
E-21261,1
E-21262,1
E-18931,1
E-18932,1
E-18933,1
E-18935,0
E-21105,0
E-18878,1
E-21265,0
E-18880,0
E-18882,1
E-18886,1
E-18887,1
E-18518,1
E-21270,0
E-18996,1
E-19000,0
E-20763,0
E-21113,0
E-19032,1
E-20764,1
E-20765,0
E-19038,0
E-20766,0
E-20768,0
E-20695,0
E-20767,0
E-19035,1
E-20694,1
E-19031,1
E-20700,1
E-20709,0
E-20703,0
E-20770,0
E-20727,1
E-19037,1
E-20696,1
E-20772,0
E-20773,1
E-19030,1
E-20699,1
E-20774,1
E-20722,1
E-20775,1
E-20776,0
E-20778,1
E-20750,1
E-19036,0
E-20751,0
E-20771,0
E-20777,0
E-20779,0
E-20780,0
E-19039,0
E-20697,0
E-19028,1
E-20698,1
E-20783,1
E-20701,1
E-20782,1
E-20784,1
E-20708,1
E-20781,1
E-20704,1
E-20906,1
E-20787,1
E-20812,0
E-20710,1
E-20790,1
E-20705,1
E-20711,1
E-20707,0
E-20791,0
E-20792,1
E-20796,1
E-20797,1
E-20798,1
E-20732,1
E-20908,1
E-20706,0
E-20795,1
E-20810,1
E-20801,1
E-20809,1
E-20803,1
E-20804,1
E-20805,1
E-20807,0
E-20808,1
E-20813,0
E-20724,1
E-20747,1
E-20729,1
E-20814,1
E-20816,1
E-20817,1
E-20818,0
E-20819,0
E-20820,1
E-20821,1
E-20806,1
E-20726,0
E-20823,1
E-20822,1
E-20824,1
E-20828,1
E-20825,1
E-20829,1
E-20830,1
E-20831,1
E-20832,1
E-20845,1
E-20716,1
E-20717,1
E-20840,0
E-20689,0
E-20690,0
E-20833,1
E-20718,1
E-20719,1
E-20720,1
E-20733,1
E-20834,1
E-20721,0
E-20835,1
E-20836,1
E-20837,1
E-20838,0
E-20839,0
E-20920,0
E-19054,0
E-19055,1
E-20842,0
E-20841,1
E-20843,1
E-20723,1
E-20844,1
E-20853,0
E-20854,0
E-19052,0
E-19053,1
E-19050,0
E-20888,0
E-20889,1
E-20769,0
E-20849,0
E-20868,1
E-20735,1
E-20887,0
E-20762,1
E-21367,1
E-20891,1
E-20900,1
E-20901,1
E-20902,0
E-20903,0
E-20737,0
E-20736,1
E-20738,1
E-20739,1
E-20745,1
E-20740,1
E-20757,1
E-20761,1
E-20846,1
E-20867,1
E-20882,0
E-20884,1
E-20886,0
E-20870,0
E-20760,0
E-20880,1
E-20885,0
E-20712,1
E-20847,1
E-20848,1
E-20869,1
E-20713,1
E-20714,0
E-20850,1
E-20852,1
E-20858,0
E-20859,1
E-20899,0
E-20904,1
E-20872,0
E-20905,0
E-20864,1
E-20865,0
E-20877,1
E-20878,1
E-20879,1
E-20749,1
E-20873,1
E-20894,1
E-20730,1
E-20746,1
E-20883,0
E-20896,1
E-20897,0
E-20855,1
E-20866,0
E-20871,1
E-20910,1
E-20758,1
E-20863,0
E-20874,0
E-20875,0
E-20876,0
E-20912,1
E-20914,1
E-20734,0
E-20911,0
E-20915,0
E-20916,0
E-20731,1
E-20856,1
E-20857,1
E-20917,0
E-20918,1
E-20922,1
E-20925,1
E-20928,1
E-20929,1
E-20923,1
E-20931,0
E-20881,0
E-20682,1
E-20892,1
E-20683,0
E-20688,0
E-20686,0
E-20893,1
E-20687,0
E-20861,1
E-20862,1
E-21328,1
E-21329,1
E-21333,0
E-21340,0
E-21341,1
E-20531,0
E-21299,1
E-21300,1
E-21302,0
E-21304,0
E-21305,0
E-21306,1
E-21343,1
E-21344,0
E-21348,0
E-21349,1
E-21350,1
E-21285,1
E-21287,1
E-21288,1
E-21289,1
E-21290,1
E-21291,0
E-21293,0
E-21295,1
E-21298,1
E-20542,1
E-20527,1
E-20621,1
E-21353,1
E-21357,0
E-21358,0
E-21360,1
E-21362,1
E-21363,1
E-21063,1
E-21384,0
E-21385,1
E-21387,1
E-21388,1
E-21062,0
E-21389,1
E-21390,1
E-21392,1
E-21393,1
E-21395,1
E-21398,1
E-21399,1
E-21400,1
E-21401,0
E-21403,1
E-21061,0
E-20622,0
E-21368,1
E-21369,1
E-21370,1
E-21371,1
E-21374,1
E-21376,1
E-21377,1
E-21045,1
E-21405,1
E-21406,0
E-21408,1
E-21411,0
E-21412,1
E-20533,0
E-20534,1
E-21044,1
E-21046,1
E-20535,1
E-21067,1
E-20537,0
E-20623,1
E-20628,1
E-21064,1
E-20607,1
E-20674,1
E-20662,1
E-21047,0
E-21052,0
E-20538,0
E-20539,1
E-20540,1
E-21060,1
E-20541,0
E-20561,1
E-21056,1
E-20611,1
E-20544,1
E-20545,1
E-20546,1
E-20547,1
E-20620,1
E-21053,1
E-20548,1
E-20549,1
E-20626,1
E-20553,0
E-20551,1
E-20618,0
E-21038,0
E-21279,1
E-21281,1
E-21282,1
E-21283,1
E-20560,1
E-21037,1
E-21039,1
E-20554,1
E-20625,1
E-20556,1
E-20558,1
E-21005,1
E-21036,0
E-21066,1
E-20564,1
E-20566,0
E-20567,1
E-20630,1
E-21068,1
E-20569,1
E-20666,1
E-20570,1
E-20563,1
E-20571,1
E-21043,1
E-20670,1
E-21048,1
E-20565,1
E-20671,1
E-20578,0
E-20624,1
E-20659,1
E-20582,1
E-20606,1
E-21042,0
E-21049,0
E-20592,1
E-21040,1
E-21050,1
E-20595,1
E-21055,0
E-21041,1
E-20599,1
E-20672,1
E-20600,1
E-21010,0
E-20601,1
E-20602,1
E-20605,1
E-20663,1
E-20613,0
E-20627,0
E-21057,0
E-21058,0
E-21059,0
E-20614,1
E-20615,1
E-20604,1
E-20608,1
E-20609,0
E-21065,1
E-20661,0
E-21054,0
E-20969,0
E-21419,1
E-21420,1
E-21421,1
E-21423,0
E-21424,1
E-21417,1
E-21418,1
E-21323,1
E-21324,0
E-21326,1
E-21327,0
E-20980,0
E-21519,1
E-21520,0
E-21310,0
E-21311,0
E-21313,1
E-21526,1
E-21527,1
E-21528,1
E-21529,1
E-21530,1
E-21532,1
E-21533,1
E-21534,1
E-21535,0
E-21536,1
E-21537,0
E-20982,0
E-21541,0
E-21542,0
E-21498,1
E-21499,1
E-21543,0
E-20964,0
E-21502,0
E-21505,1
E-20966,1
E-20267,1
E-20268,1
E-21004,0
E-21426,1
E-20003,1
E-20005,1
E-20264,1
E-20266,1
E-21003,1
E-20007,1
E-20190,1
E-20191,1
E-20996,1
E-20992,1
E-21002,1
E-20993,1
E-21001,0
E-20965,1
E-21000,1
E-20325,1
E-20010,1
E-20011,1
E-20283,0
E-20999,1
E-20974,1
E-20997,1
E-20998,1
E-21513,0
E-21516,1
E-21517,1
E-20017,1
E-20995,1
E-20994,1
E-20018,1
E-20019,1
E-20020,1
E-20062,1
E-20021,1
E-21316,1
E-21317,1
E-21319,1
E-21320,1
E-21321,0
E-20022,0
E-20194,0
E-20991,1
E-20272,1
E-20990,1
E-20024,1
E-20025,1
E-20026,1
E-20985,1
E-20987,1
E-20027,1
E-20988,0
E-20028,1
E-21551,1
E-21552,1
E-20029,1
E-20030,1
E-20968,1
E-20031,1
E-20159,0
E-20035,1
E-20036,1
E-20037,1
E-20038,1
E-19998,0
E-20040,1
E-20041,1
E-20042,0
E-20043,0
E-20297,1
E-20044,1
E-20225,1
E-20195,1
E-20276,0
E-20302,1
E-20047,1
E-20273,1
E-20983,1
E-20050,0
E-20163,1
E-20052,0
E-20054,1
E-21554,0
E-21555,0
E-21556,1
E-20057,0
E-20285,0
E-21434,1
E-20059,1
E-20658,0
E-20984,1
E-20967,1
E-20989,1
E-20061,1
E-20067,1
E-20068,1
E-20069,1
E-20308,0
E-20070,1
E-20071,1
E-20072,1
E-20073,1
E-20077,1
E-20079,1
E-20080,1
E-20081,0
E-20083,1
E-20085,1
E-20986,0
E-20091,0
E-20293,1
E-20092,1
E-20094,1
E-20096,1
E-20097,1
E-20099,1
E-20100,0
E-20119,0
E-21559,1
E-21560,0
E-20112,0
E-20102,1
E-20274,0
E-21436,1
E-21437,1
E-21438,1
E-20105,1
E-20106,1
E-20281,1
E-20296,1
E-20275,0
E-20110,1
E-20111,0
E-20117,0
E-20122,0
E-21566,1
E-21570,0
E-20130,1
E-20132,0
E-20133,1
E-21571,1
E-21572,0
E-21573,1
E-20137,1
E-20258,1
E-20286,1
E-20300,1
E-20139,1
E-20140,1
E-20141,1
E-20143,1
E-20145,1
E-20146,1
E-20304,0
E-21574,1
E-20149,1
E-20150,1
E-20152,1
E-20192,1
E-20161,1
E-20162,1
E-20193,1
E-20174,1
E-20177,1
E-20179,1
E-20180,1
E-20362,1
E-20182,0
E-20183,1
E-20184,1
E-20185,1
E-20186,0
E-20292,1
E-20307,1
E-20188,1
E-20189,1
E-20309,0
E-20310,1
E-20311,0
E-21575,1
E-21576,1
E-21577,1
E-21578,0
E-21579,0
E-20312,0
E-20313,1
E-20317,0
E-20324,0
E-20322,1
E-20331,1
E-20335,1
E-21443,1
E-20336,1
E-20334,1
E-20342,1
E-20349,1
E-20522,1
E-21453,1
E-21454,1
E-20345,1
E-20348,1
E-20279,0
E-20352,1
E-20355,1
E-20356,1
E-20512,1
E-20259,1
E-20359,1
E-20360,1
E-20495,1
E-20294,0
E-20363,1
E-20364,1
E-20369,1
E-20287,0
E-20374,1
E-20496,1
E-20379,1
E-20380,1
E-20382,1
E-20385,1
E-20389,1
E-20390,1
E-20299,1
E-20396,1
E-20404,1
E-20397,1
E-20399,0
E-20400,1
E-20405,1
E-20407,0
E-20408,1
E-20410,1
E-20412,1
E-20413,1
E-21455,1
E-21457,1
E-20416,1
E-20418,1
E-20295,1
E-20419,0
E-20421,1
E-20422,1
E-20423,1
E-20424,0
E-20425,1
E-20262,1
E-20426,1
E-20427,1
E-20428,1
E-20429,1
E-20430,1
E-20298,1
E-20431,1
E-20432,1
E-20433,1
E-21466,1
E-21467,1
E-21582,1
E-21583,0
E-20284,0
E-20434,1
E-20435,1
E-20436,1
E-20438,0
E-20439,1
E-20444,1
E-20445,1
E-20446,1
E-20448,1
E-20261,1
E-20447,1
E-20451,1
E-20452,1
E-20454,1
E-20456,1
E-20458,1
E-20459,1
E-20460,1
E-20277,1
E-20463,1
E-20464,0
E-20466,0
E-20467,0
E-20468,1
E-20470,0
E-20471,1
E-20473,1
E-20478,1
E-20306,1
E-20278,1
E-21473,1
E-21474,1
E-20483,0
E-20485,0
E-20488,1
E-20490,1
E-20227,1
E-20499,1
E-20503,1
E-21476,0
E-21478,0
E-21481,1
E-20280,1
E-20504,0
E-20505,0
E-20508,1
E-20509,1
E-21484,1
E-21485,1
E-21489,1
E-20524,1
E-20282,1
E-20305,1
E-20517,1
E-21491,1
E-20519,0
E-19648,1
E-19649,0
E-19796,1
E-19667,1
E-19651,1
E-19650,1
E-19652,1
E-19655,1
E-19656,1
E-19653,1
E-19654,1
E-19662,0
E-19668,0
E-19661,0
E-19658,1
E-19669,1
E-19826,0
E-19664,0
E-19798,0
E-19660,1
E-19797,1
E-19670,0
E-19671,0
E-19672,0
E-19673,1
E-19674,0
E-19663,0
E-19659,1
E-19675,1
E-19676,1
E-19831,1
E-19657,1
E-19665,1
E-19677,1
E-19678,1
E-19679,1
E-19680,1
E-19681,1
E-19682,1
E-19820,1
E-19683,0
E-19684,0
E-19685,1
E-19800,0
E-19686,1
E-19821,0
E-19801,1
E-19687,1
E-19688,1
E-19689,1
E-20219,1
E-19690,1
E-19691,1
E-19692,1
E-19693,1
E-19771,1
E-19694,1
E-19695,0
E-19696,1
E-19697,0
E-19698,0
E-19802,1
E-19699,1
E-19700,0
E-19938,1
E-19701,0
E-19803,1
E-19702,0
E-19703,1
E-19704,1
E-19804,1
E-20197,1
E-19705,1
E-20224,1
E-19707,1
E-19708,1
E-19805,1
E-20394,0
E-19709,1
E-20395,1
E-20502,1
E-19710,0
E-19920,1
E-19923,1
E-19711,1
E-19712,1
E-19713,1
E-19806,1
E-20393,1
E-19714,1
E-19715,0
E-20222,1
E-19716,1
E-19717,0
E-19718,1
E-20221,1
E-20392,0
E-19807,1
E-19719,1
E-19808,1
E-19720,1
E-19721,0
E-19722,1
E-20220,1
E-19723,0
E-19833,1
E-19724,1
E-19725,1
E-19726,1
E-20211,1
E-19727,1
E-20212,1
E-20218,1
E-19828,1
E-19825,1
E-20204,1
E-19728,1
E-19809,1
E-19810,1
E-19823,1
E-19946,0
E-19729,1
E-19811,1
E-19730,0
E-19812,1
E-19731,0
E-19732,1
E-19733,1
E-19735,1
E-19736,1
E-19738,1
E-19739,0
E-19740,1
E-19741,1
E-19742,1
E-19832,0
E-19743,1
E-19744,1
E-19745,1
E-20453,1
E-19746,1
E-19747,1
E-19748,1
E-19749,0
E-19813,0
E-19750,0
E-19751,0
E-19752,1
E-19753,1
E-19814,1
E-19754,1
E-19755,0
E-19756,0
E-19757,0
E-19772,1
E-19758,0
E-19759,0
E-19760,1
E-19761,1
E-19822,1
E-19762,1
E-20217,0
E-19830,1
E-19763,1
E-19815,1
E-19764,1
E-20223,1
E-19765,1
E-19766,0
E-19827,1
E-19767,0
E-19768,1
E-19769,0
E-19770,1
E-19773,1
E-19774,1
E-19775,1
E-19776,1
E-19816,1
E-19817,1
E-19818,1
E-19777,1
E-19778,1
E-19819,1
E-19829,1
E-19779,0
E-19780,0
E-19781,1
E-19967,0
E-19782,1
E-19971,1
E-19843,1
E-20207,0
E-19783,1
E-19784,1
E-20208,1
E-19785,1
E-19786,1
E-19787,0
E-19788,1
E-19790,0
E-19791,1
E-19992,1
E-19993,1
E-19792,0
E-19793,1
E-19794,1
E-19795,1
E-20213,1
E-20215,0
E-20216,0
E-20214,0
E-20205,1
E-20206,1
